Date,Username,User tag,Content,Mentions,link
"2023-10-22,12:19:09","yiyixiaoqisi","#0","FYI
Source code from the book : https://github.com/MoonHighway/learning-react/blob/second-edition/README.md
English version of this book : https://sd.blackball.lv/library/Learning_React_(2020).pdf","",""
"2023-10-22,20:03:06","yating.chang","#0","å¤§å®¶å¥½, æˆ‘æ˜¯é›…å©·, å¾ˆé«˜èˆˆè·Ÿå¤§å®¶ä¸€èµ·åƒåŠ è®€æ›¸æœƒ~","",""
"2023-10-23,08:59:01","ywyang236","#0","å¤§å®¶æ—©å®‰ï¼Œ

React è®€æ›¸æœƒæ­£å¼é–‹å§‹äº†ï¼

åº•ä¸‹æœ‰å››ä»½æª”æ¡ˆï¼Œæ¯ä¸€ä»½éƒ½å¾ˆé‡è¦ï¼Œè«‹ä»”ç´°é–±è®€ï¼Œåˆ†åˆ¥æ˜¯ï¼š
    
1. è®€æ›¸æœƒçš„é‹ä½œæ–¹å¼
2. é–±è®€é€²åº¦è¡¨
3. å°ç…§ç« ç¯€è¡¨
4. ç¬¬ä¸€é€±çš„å•ç­”

ç¬¬ä¸€é€±çš„å•ç­”ï¼Œè«‹æ–¼ä»Šæ™š12é»å‰ï¼Œå’Œä»Šæ—¥çš„ç­†è¨˜ä¸€åŒç¹³äº¤ã€‚æ‰€æœ‰çš„ç­†è¨˜ï¼Œéƒ½å¿…é ˆå…¬é–‹åœ¨é€™å€‹ç¾¤çµ„ã€‚

æ³¨æ„ï¼šç‚ºç¢ºä¿å¤§å®¶çš„éš±ç§ï¼Œæ‰€æœ‰åœ¨æ­¤ç¾¤çµ„çš„åœ–æ–‡å…§å®¹ã€æª”æ¡ˆï¼Œæˆ–è€…æ˜¯ä»»ä½•ç­†è¨˜è³‡è¨Šï¼Œéç¶“ç•¶äº‹äººåŒæ„ï¼Œè«‹å‹¿å¤–æµã€‚


æ–°çš„é–‹å§‹ï¼Œé¡˜ä½ ä¸€åˆ‡å°±ç·’ï¼Œç¢ºå®šç›®æ¨™ï¼Œå‹‡æ•¢å‰è¡Œã€‚


9:25 é–‹æ”¾åŠ å…¥æœƒè­°ï¼ˆè‡ªç”±æ±ºå®šæ˜¯å¦é–‹é¡é ­ï¼‰
https://meet.google.com/zuh-hosq-obe","","https://cdn.discordapp.com/attachments/1163002641010413668/1165816616194428959/1_React_group_rules.pdf?ex=655aaf55&is=65483a55&hm=bc6648a8c52d342a99319913dd0a1c0f111d6f83e9f0e402020847f75d5b785c&"
"2023-10-23,09:44:24","ohtani_showyu","#0","æ´»å‹•","",""
"2023-10-23,09:44:25","yiyixiaoqisi","#0","æ´»å‹•","",""
"2023-10-23,09:44:27","ywyang236","#0","æ´»å‹•","",""
"2023-10-23,09:44:31","yuu0210_","#0","æ´»å‹•","",""
"2023-10-23,09:44:33","yating.chang","#0","æ´»å‹•","",""
"2023-10-23,09:44:34","lark1987","#0","æ´»å‹•","",""
"2023-10-23,09:44:34",".wenying","#0","æ´»å‹•","",""
"2023-10-23,09:44:35","ilbas","#0","æ´»å‹•","",""
"2023-10-23,09:44:50","rouyu.","#0","æ´»å‹•","",""
"2023-10-23,09:45:07","lulu_cheng","#0","æ´»å‹•","",""
"2023-10-23,09:50:38","angeltsui","#0","æ´»å‹•","",""
"2023-10-23,09:52:59","yiyixiaoqisi","#0","here ~","",""
"2023-10-23,16:22:19","ohtani_showyu","#0","ç·´è‚©ï¼†äºŒé ­","",""
"2023-10-23,16:22:20","ohtani_showyu","#0","é‹å‹•","",""
"2023-10-23,17:03:30",".wenying","#0","https://docs.google.com/document/d/1fcI3EN7-iJZdhPwQ80Znks3tsFuf0tyDcc9oyI2K2ZY/edit?usp=sharing","",""
"2023-10-23,17:03:33",".wenying","#0","ç­†è¨˜","",""
"2023-10-23,17:03:39",".wenying","#0","ï¼‹ç¬¬ä¸€é€±å•ç­”","",""
"2023-10-23,17:11:52","ywyang236","#0","ç­†è¨˜è¦è¨˜å¾—è¨­å…¬é–‹å“¦ï½",".wenying#0",""
"2023-10-23,17:19:33",".wenying","#0","å¥½ï¼æˆ‘çœ‹çœ‹æ€éº¼èª¿","ywyang236#0",""
"2023-10-23,17:48:36",".wenying","#0","æˆ‘çš„notionå¥½åƒæ€ªæ€ªçš„ï¼Œæˆ‘å…ˆæ”¹æ”¾åˆ°google docs
å†ä¾†æ…¢æ…¢ç ”ç©¶æ˜¯å“ªé‚Šå‡ºäº†å•é¡Œ","",""
"2023-10-23,20:45:22","ilbas","#0","https://ezc.notion.site/React-D1-c178e2962da14145a20422c2a252801c?pvs=4","",""
"2023-10-23,20:45:24","ilbas","#0","ç­†è¨˜","",""
"2023-10-23,20:46:14","ilbas","#0","484è¦é€™æ¨£æ‰å°å•Š?","","https://cdn.discordapp.com/attachments/1163002641010413668/1165994587207245924/image.png?ex=655b5514&is=6548e014&hm=f29c55eb6fad725e0c0633402937b72d99905f05e6043159410495e1614439a0&"
"2023-10-23,20:47:31","ohtani_showyu","#0","ä½ é€™æ¨£éƒ½æ˜¯å°ã„‰","ilbas#0",""
"2023-10-23,20:52:35","yuu0210_","#0","https://silly-march-e76.notion.site/React-ec8e2284bdce47df9b34363b7644cc80","",""
"2023-10-23,20:52:38","yuu0210_","#0","ç­†è¨˜","",""
"2023-10-23,21:01:32","star533422","#0","https://hackmd.io/@stephen533422/r1P3o97z6","",""
"2023-10-23,21:01:44","star533422","#0","ç­†è¨˜","",""
"2023-10-23,21:12:51","rouyu.","#0","https://smiling-prepared-a94.notion.site/Day-1-ffa43ebe0b4b4193950a18b25ddb3478","",""
"2023-10-23,21:12:54","rouyu.","#0","ç­†è¨˜","",""
"2023-10-23,21:33:05","ilbas","#0","ç·´èƒŒã€è‚©ã€è…¿","",""
"2023-10-23,21:33:08","ilbas","#0","é‹å‹•","",""
"2023-10-23,22:10:05","lark1987","#0","https://long-bookcase-189.notion.site/React-406313a8409048baa6f1b395690ca2ac?pvs=4","",""
"2023-10-23,22:10:07","lark1987","#0","ç­†è¨˜","",""
"2023-10-23,22:23:31","rororo","#5892","https://cherry-nemophila-a61.notion.site/React-e7b2a91e803944b89ba22ec4b2935eae?pvs=4","",""
"2023-10-23,22:23:33","rororo","#5892","ç­†è¨˜","",""
"2023-10-23,22:35:44","angeltsui","#0","ç·´æ‰‹ï¼Œpull up","",""
"2023-10-23,22:35:47","angeltsui","#0","é‹å‹•","",""
"2023-10-23,22:36:12","yiyixiaoqisi","#0","https://hackmd.io/ZglSJPXbQiyOSlSBOLJr2A","",""
"2023-10-23,22:36:16","yiyixiaoqisi","#0","ç­†è¨˜","",""
"2023-10-23,22:47:40","yiyixiaoqisi","#0","https://hackmd.io/yQ9ln6JUSEaYCxC3LRCp-A","",""
"2023-10-23,22:53:14","lulu_cheng","#0","https://liberating-stem-e7b.notion.site/React-ef420ab297424a9b8fa0798f1be1a1e7?pvs=4","",""
"2023-10-23,22:53:17","lulu_cheng","#0","ç­†è¨˜","",""
"2023-10-23,23:05:39","rouyu.","#0","å¥èº«ç’°
é‹å‹•","",""
"2023-10-23,23:15:38","rororo","#5892","æ ¸å¿ƒ 30m
èƒŒ 20m","",""
"2023-10-23,23:15:40","rororo","#5892","é‹å‹•","",""
"2023-10-23,23:29:11","ohtani_showyu","#0","https://hackmd.io/@siouyu/r17hO5QMp","",""
"2023-10-23,23:29:13","ohtani_showyu","#0","ç­†è¨˜","",""
"2023-10-23,23:53:22","angeltsui","#0","https://citrine-gouda-2a6.notion.site/b43e675804a342f986d26f579310ae29?v=3619bf794dc54db9a76d97752b7a0a77&pvs=4","",""
"2023-10-23,23:53:25","angeltsui","#0","ç­†è¨˜","",""
"2023-10-24,00:33:04","ywyang236","#0","<@1119138528643776533>  ç­†è¨˜è¦è¨˜å¾—è¨­å…¬é–‹å“¦ï½","angeltsui#0",""
"2023-10-24,01:11:41","angeltsui","#0","å¥½ï¼Œæ”¹äº†ä¸€ä¸‹ï¼Œçœ‹çœ‹ç¾åœ¨å¯ä¸å¯ä»¥ï¼Œæ„Ÿè¬","",""
"2023-10-24,14:39:28","ohtani_showyu","#0","èƒŒï¼†ä¸‰é ­","",""
"2023-10-24,14:39:30","ohtani_showyu","#0","é‹å‹•","",""
"2023-10-24,15:54:21","yuu0210_","#0","https://silly-march-e76.notion.site/10-24-2f5c32dcaccf48cd8a60dbbe91f88513?pvs=4","",""
"2023-10-24,15:54:25","yuu0210_","#0","ç­†è¨˜","",""
"2023-10-24,19:52:48","star533422","#0","https://hackmd.io/@stephen533422/HkchNQHG6","",""
"2023-10-24,19:52:51","star533422","#0","ç­†è¨˜","",""
"2023-10-24,19:59:43","ohtani_showyu","#0","https://hackmd.io/@siouyu/r17hO5QMp","",""
"2023-10-24,19:59:48","ohtani_showyu","#0","ç­†è¨˜","",""
"2023-10-24,20:06:10","lark1987","#0","https://long-bookcase-189.notion.site/React-406313a8409048baa6f1b395690ca2ac?pvs=4","",""
"2023-10-24,20:06:12","lark1987","#0","ç­†è¨˜","",""
"2023-10-24,21:38:02","ilbas","#0","https://www.notion.so/ezc/React-D2-3ce3c8720abd402ea3a3cc29e79cdb68","",""
"2023-10-24,21:38:07","ilbas","#0","ç­†è¨˜","",""
"2023-10-24,21:47:12",".wenying","#0","https://ambitious-wound-b6b.notion.site/React-20dcdbd48ca245889190d96ab5a785ab?pvs=4","",""
"2023-10-24,21:47:17",".wenying","#0","ç­†è¨˜","",""
"2023-10-24,21:49:58","yiyixiaoqisi","#0","https://hackmd.io/ZglSJPXbQiyOSlSBOLJr2A","",""
"2023-10-24,21:50:00","yiyixiaoqisi","#0","ç­†è¨˜","",""
"2023-10-24,22:31:12","rouyu.","#0","https://smiling-prepared-a94.notion.site/Day-2-7dd5b6b8e9d64bb79c158b1fdff5f6dc?pvs=4","",""
"2023-10-24,22:31:15","rouyu.","#0","ç­†è¨˜","",""
"2023-10-24,22:32:56","ywyang236","#0","ä»Šå¤©å¿«éå®Œäº†ï¼Œçµ¦å¤§å®¶ä¸€é»å°æé†’ï¼š

å¦‚æœä½ èµ°å‰ç«¯ï¼Œå¸Œæœ›ä½ å·²ç¶“åœ¨é›»è…¦å»ºæ§‹ç’°å¢ƒï¼Œä¹Ÿé–‹å§‹å¯¦ä½œReactäº†ï¼Œå¦‚æœéƒ½æ²’æœ‰ï¼Œè‡³å°‘è¦çœ‹ä¸€ä¸‹ä½œè€…æä¾›çš„ codeã€‚

å¦‚æœå°æ›¸æœ¬å…§å®¹ä¸ç†è§£ã€ä¸ç¢ºå®šï¼Œè«‹è‡³å°‘å¯«ä¸‹è‡ªå·±çœ‹å¾—æ‡‚çš„è¨»è¨˜ã€‚

å¦‚æœæœ‰é¡å¤–æ‰¾äº†ä¸€äº›è³‡æ–™ï¼Œè«‹è¬¹æ…ä½¿ç”¨ã€Œè¤‡è£½&è²¼ä¸Šã€çš„åŠŸèƒ½ï¼Œç›¡å¯èƒ½ç”¨è‡ªå·±çš„è©±åšç¸½çµã€‚","",""
"2023-10-24,22:52:58","angeltsui","#0","https://citrine-gouda-2a6.notion.site/b43e675804a342f986d26f579310ae29?v=3619bf794dc54db9a76d97752b7a0a77&pvs=4","",""
"2023-10-24,22:53:01","angeltsui","#0","ç­†è¨˜","",""
"2023-10-24,23:24:23","rororo","#5892","https://cherry-nemophila-a61.notion.site/React-2-7d9a8c3c05e14ad0b2da1d464b53c294?pvs=4","",""
"2023-10-24,23:24:25","rororo","#5892","ç­†è¨˜","",""
"2023-10-25,00:03:25","lulu_cheng","#0","https://www.notion.so/React-ef420ab297424a9b8fa0798f1be1a1e7","",""
"2023-10-25,00:03:30","lulu_cheng","#0","ç­†è¨˜","",""
"2023-10-25,14:07:20","ohtani_showyu","#0","https://hackmd.io/@siouyu/r17hO5QMp","",""
"2023-10-25,14:07:21","ohtani_showyu","#0","ç­†è¨˜","",""
"2023-10-25,15:04:40","yuu0210_","#0","https://silly-march-e76.notion.site/today-7b648938cbbc46b1808ae0a2ad987b4b","",""
"2023-10-25,15:04:44","yuu0210_","#0","ç­†è¨˜","",""
"2023-10-25,15:10:20","ywyang236","#0","çµ±è¨ˆç³»çµ±å‡ç´šäº†ï¼

é€™æ¬¡æ”¹ç”¨ React å’Œ firebase å¯«ï¼Œé‚„ä¸æ˜¯å¾ˆå®Œç¾ï¼Œä½†è‡³å°‘å¯ä»¥é»æ“Šæ¯é€±çš„ç‹€æ…‹äº†ï¼Œä¹‹å¾Œå†é™¸çºŒç¾åŒ–ä»¥åŠæ–°å¢å…¶ä»–å°åŠŸèƒ½ï½

æˆªæ­¢è‡³ç›®å‰çš„ç©åˆ†ç‹€æ³ï¼šhttps://book-club-system.web.app/","",""
"2023-10-25,16:19:02",".wenying","#0","å¥½å¥‡æƒ³å• ç©åˆ†ç´¯è¨ˆæ˜¯é€éæŠ“é—œéµå­—äººå·¥ç´¯è¨ˆ é‚„æ˜¯æœ‰é‚£ç¨®discord apiå¯ä»¥æŠ“","",""
"2023-10-25,16:19:07",".wenying","#0","æ„Ÿè¦ºå¥½é…·","",""
"2023-10-25,16:23:08","ywyang236","#0","æ•´æœ¬æ›¸è®€å®Œçš„æ™‚å€™ï¼Œæœƒå’Œå¤§å®¶åˆ†äº«ç³»çµ±æ˜¯æ€éº¼å¯«çš„ğŸ˜

æ–°ç‰ˆç›®å‰é‚„æ²’å¯«å®Œå…¨å¯«å¥½ï¼Œç®—åŠæ‰‹å‹•ï¼Œæ‰€ä»¥åˆ¥é²äº¤å•Šï½æ¯”å°è³‡æ–™ä¹Ÿæ˜¯å¾ˆç´¯çš„ğŸ¤£

JSè®€æ›¸æœƒçš„é‚£å¥—ç³»çµ±ï¼Œç®—æ˜¯95%è‡ªå‹•ï¼Œå¸Œæœ›React é€™å¥—ä¹Ÿå¯ä»¥ğŸ˜‚","",""
"2023-10-25,17:07:04","ohtani_showyu","#0","è‡€è…¿==","",""
"2023-10-25,17:07:09","ohtani_showyu","#0","é‹å‹•","",""
"2023-10-25,18:11:25","star533422","#0","https://hackmd.io/@stephen533422/Bk0tfLIfp","",""
"2023-10-25,18:11:28","star533422","#0","ç­†è¨˜","",""
"2023-10-25,18:32:55","ilbas","#0","ä¸Šè‡‚ã€èƒ¸ã€è…¹","",""
"2023-10-25,18:32:57","ilbas","#0","é‹å‹•","",""
"2023-10-25,20:38:20","ilbas","#0","https://www.notion.so/ezc/React-D3-152b88c38d7b400985c555cae344d84c","",""
"2023-10-25,20:38:22","ilbas","#0","ç­†è¨˜","",""
"2023-10-25,20:44:38",".wenying","#0","https://ambitious-wound-b6b.notion.site/5-1-5-3-497973b5c4d046f5b7e59d0484125e5d","",""
"2023-10-25,20:44:40",".wenying","#0","ç­†è¨˜","",""
"2023-10-25,21:58:58","lark1987","#0","https://long-bookcase-189.notion.site/React-406313a8409048baa6f1b395690ca2ac?pvs=4","",""
"2023-10-25,21:59:04","lark1987","#0","ç­†è¨˜","",""
"2023-10-25,22:11:20","ywyang236","#0","<@852866078320099419>  ç­†è¨˜å’Œé—œéµå­—ï¼Œè¦åˆ†é–‹é€å‡ºï¼Œä¸ç„¶æœƒçµ±è¨ˆä¸åˆ°å“¦ï½","rouyu.#0",""
"2023-10-25,22:12:27","rouyu.","#0","æ‹è¬ï¼ï¼","",""
"2023-10-25,22:12:29","rouyu.","#0","https://smiling-prepared-a94.notion.site/Day-3-60941ec631f942bbbf460354bc54abdc?pvs=4","",""
"2023-10-25,22:12:31","rouyu.","#0","ç­†è¨˜","",""
"2023-10-25,23:06:56","rororo","#5892","https://cherry-nemophila-a61.notion.site/JSX-React-ce9b6bce4840418597a903cfdea0807b?pvs=4","",""
"2023-10-25,23:06:57","rororo","#5892","ç­†è¨˜","",""
"2023-10-25,23:08:26","rororo","#5892","æ²è…¹ 15m 
ä¿åŠ åˆ©äºåˆ†è…¿æ•¦ 15m","",""
"2023-10-25,23:08:28","rororo","#5892","é‹å‹•","",""
"2023-10-25,23:55:39","angeltsui","#0","https://www.notion.so/Chapter-5-92f8327a0c2948b9a25bf8f029f437e8?pvs=4","",""
"2023-10-25,23:55:43","angeltsui","#0","ç­†è¨˜","",""
"2023-10-26,16:13:34","yuu0210_","#0","https://silly-march-e76.notion.site/today-7b648938cbbc46b1808ae0a2ad987b4b","",""
"2023-10-26,16:13:37","yuu0210_","#0","ç­†è¨˜","",""
"2023-10-26,17:44:52","ywyang236","#0","<@1123093061774360587>  æ±‚æ•‘ï¼é€™å€‹é€£çµå¥½åƒè¢«æ–½å±•äº†æŸç¨®é­”æ³•ï¼Œalways åœ¨ loading ï¼Œæ°¸é çœ‹ä¸åˆ°å…§å®¹ ğŸ˜‚","ohtani_showyu#0",""
"2023-10-26,17:47:41","ohtani_showyu","#0","ï¼å¾ç¬¬ä¸€æ¬¡ç­†è¨˜å°±çœ‹ä¸åˆ°å—","ywyang236#0",""
"2023-10-26,17:47:50","ywyang236","#0","åªæœ‰é€™æ¬¡çœ‹ä¸åˆ°","",""
"2023-10-26,17:47:59","ohtani_showyu","#0","https://hackmd.io/@siouyu/r17hO5QMp","",""
"2023-10-26,17:48:13","ywyang236","#0","é€™å€‹æ˜¯æ­£å¸¸çš„","ohtani_showyu#0",""
"2023-10-26,17:48:28","ohtani_showyu","#0","è®š","",""
"2023-10-26,17:49:46","ohtani_showyu","#0","çœ‹ä¾†æ˜¯æ¨¡å¼å•é¡ŒğŸ˜‚ æ˜¨å¤©è¦ºå¾—å¾ˆé…·æ‰€ä»¥è©¦è‘—æ”¹æˆæ›¸æœ¬æ¨¡å¼ï¼Œå‰›å‰›å…ˆæ”¹å›ç€è¦½æ¨¡å¼","","https://cdn.discordapp.com/attachments/1163002641010413668/1167037348148686878/2023-10-26_5.49.13.png?ex=655f203a&is=654cab3a&hm=724c560f2df1c2d941ba1244b9e79f55f9128df14ba3541343f65f2328752cc7&"
"2023-10-26,17:50:45","ywyang236","#0","è®šè®šï¼","",""
"2023-10-26,22:03:37","star533422","#0","https://hackmd.io/@stephen533422/SJ_5fJ_zT","",""
"2023-10-26,22:03:39","star533422","#0","ç­†è¨˜","",""
"2023-10-26,22:04:54","lark1987","#0","https://long-bookcase-189.notion.site/React-406313a8409048baa6f1b395690ca2ac?pvs=4","",""
"2023-10-26,22:04:59","lark1987","#0","ç­†è¨˜","",""
"2023-10-26,22:49:18",".wenying","#0","https://ambitious-wound-b6b.notion.site/5-3-5-5-1-bee21300b156462c8a37247b065216a9","",""
"2023-10-26,22:49:21",".wenying","#0","ç­†è¨˜","",""
"2023-10-26,23:26:35","ohtani_showyu","#0","https://hackmd.io/@siouyu/r17hO5QMp","",""
"2023-10-26,23:26:39","ohtani_showyu","#0","ç­†è¨˜","",""
"2023-10-26,23:27:07","ohtani_showyu","#0","https://hackmd.io/@siouyu/r17hO5QMp","",""
"2023-10-26,23:27:08","ohtani_showyu","#0","ç­†è¨˜","",""
"2023-10-26,23:37:50","rouyu.","#0","https://smiling-prepared-a94.notion.site/Day-4-313685893faa4ccba3c2a4ba03cb9221?pvs=4","",""
"2023-10-26,23:37:52","rouyu.","#0","ç­†è¨˜","",""
"2023-10-26,23:54:26","rororo","#5892","https://cherry-nemophila-a61.notion.site/JSX-React-2-87946e4b9ba846ddaffa01a0e0edc877?pvs=4","",""
"2023-10-26,23:54:27","rororo","#5892","ç­†è¨˜","",""
"2023-10-26,23:57:18","angeltsui","#0","https://www.notion.so/Chapter-5-92f8327a0c2948b9a25bf8f029f437e8?pvs=4","",""
"2023-10-26,23:57:20","angeltsui","#0","ç­†è¨˜","",""
"2023-10-27,00:24:42","yiyixiaoqisi","#0","https://hackmd.io/ZglSJPXbQiyOSlSBOLJr2A?view","",""
"2023-10-27,00:24:44","yiyixiaoqisi","#0","ç­†è¨˜","",""
"2023-10-27,00:35:54","angeltsui","#0","https://www.notion.so/Chapter-5-92f8327a0c2948b9a25bf8f029f437e8?pvs=4","",""
"2023-10-27,00:35:57","angeltsui","#0","ç­†è¨˜","",""
"2023-10-27,15:57:31","yuu0210_","#0","https://www.notion.so/1026-1027-7b648938cbbc46b1808ae0a2ad987b4b?pvs=4","",""
"2023-10-27,15:57:35","yuu0210_","#0","ç­†è¨˜","",""
"2023-10-27,19:49:42",".wenying","#0","https://ambitious-wound-b6b.notion.site/5-5-1-5-5-4-679e4b2774f5447592eb078dc31f2184?pvs=4","",""
"2023-10-27,19:49:45",".wenying","#0","ç­†è¨˜","",""
"2023-10-27,22:26:05","lark1987","#0","https://long-bookcase-189.notion.site/React-406313a8409048baa6f1b395690ca2ac?pvs=4","",""
"2023-10-27,22:26:07","lark1987","#0","ç­†è¨˜","",""
"2023-10-27,22:46:20","star533422","#0","https://hackmd.io/@stephen533422/SJ_5fJ_zT","",""
"2023-10-27,22:46:25","star533422","#0","ç­†è¨˜","",""
"2023-10-27,23:13:03","rororo","#5892","https://cherry-nemophila-a61.notion.site/JSX-React-2-87946e4b9ba846ddaffa01a0e0edc877?pvs=4","",""
"2023-10-27,23:13:24","rororo","#5892","ç­†è¨˜","",""
"2023-10-27,23:36:11","rouyu.","#0","https://smiling-prepared-a94.notion.site/Day-5-2c89614bb7dc445d97599bc5e18ad9a1?pvs=4","",""
"2023-10-27,23:36:14","rouyu.","#0","ç­†è¨˜","",""
"2023-10-28,10:38:17","yiyixiaoqisi","#0","https://hackmd.io/ZglSJPXbQiyOSlSBOLJr2A?edit","",""
"2023-10-28,10:38:20","yiyixiaoqisi","#0","ç­†è¨˜","",""
"2023-10-28,17:36:55","ohtani_showyu","#0","èƒ¸ï¼‹çš®æ‹‰ææ–¯","",""
"2023-10-28,17:36:57","ohtani_showyu","#0","é‹å‹•","",""
"2023-10-28,19:50:46","ilbas","#0","ç·´èƒŒã€è‚©ã€è…¿","",""
"2023-10-28,19:50:51","ilbas","#0","é‹å‹•","",""
"2023-10-28,22:57:18","ilbas","#0","ä¸­æ–‡ç‰ˆå¯« sever <- é€™å€‹æ‡‰è©²æ˜¯éŒ¯çš„å§ ?","","https://cdn.discordapp.com/attachments/1163002641010413668/1167839518750167141/image.png?ex=65620b4e&is=654f964e&hm=33f3d0658976965fa9f109d5a5f395fbf76932932b51695b6173f4f7bd4e514a&"
"2023-10-28,22:58:45","ilbas","#0","https://ezc.notion.site/React-D4-7ef84de3efe442b9a9811bbbdea85bd2?pvs=4","",""
"2023-10-28,22:58:48","ilbas","#0","ç­†è¨˜","",""
"2023-10-28,23:37:19","ohtani_showyu","#0","é€™è£¡æ˜¯æŒ‡ç°¡é«”ä¸­æ–‡å—ï¼Ÿç¹é«”ä¸­æ–‡æ˜¯å°çš„","ilbas#0","https://cdn.discordapp.com/attachments/1163002641010413668/1167849588837855332/IMG_6219.jpg?ex=656214af&is=654f9faf&hm=d8500f7b33858c8ce2eb76e3fef69405aae23cc93443ffbfcdbd3ccaef062a76&"
"2023-10-28,23:38:27","ilbas","#0","æŠ±æ­‰ï¼Œã„†ä¸€ã„šË‡çœ¼","",""
"2023-10-29,01:25:08","ywyang236","#0","æœè‡ªå‹•åŒ–çµ±è¨ˆï¼Œåˆé‚é€²äº†ä¸€é»é».... ğŸ˜† 

å¤§å®¶å¯ä»¥ç¨å¾®æª¢æŸ¥ä¸€ä¸‹ï¼Œæœ‰æ²’æœ‰çµ±è¨ˆéŒ¯èª¤ 

æˆªæ­¢è‡³ç›®å‰çš„ç©åˆ†ï¼š
https://book-club-system.web.app/","",""
"2023-10-29,11:05:54","yiyixiaoqisi","#0","ç·´è…¿","",""
"2023-10-29,11:05:55","yiyixiaoqisi","#0","é‹å‹•","",""
"2023-10-29,11:42:41","lulu_cheng","#0","https://www.notion.so/React-ef420ab297424a9b8fa0798f1be1a1e7","",""
"2023-10-29,11:42:46","lulu_cheng","#0","ç­†è¨˜","",""
"2023-10-29,11:42:48","lulu_cheng","#0","https://www.notion.so/React-ef420ab297424a9b8fa0798f1be1a1e7","",""
"2023-10-29,11:42:50","lulu_cheng","#0","ç­†è¨˜","",""
"2023-10-29,11:42:52","lulu_cheng","#0","https://www.notion.so/React-ef420ab297424a9b8fa0798f1be1a1e7","",""
"2023-10-29,11:42:55","lulu_cheng","#0","ç­†è¨˜","",""
"2023-10-29,11:43:48","lulu_cheng","#0","è£œå……æœ¬é€±å¿ƒå¾—ï¼šnext.js çœŸæ˜¯å¼·å¤§ï¼Œæ–¹ä¾¿ã€åŠŸèƒ½åˆå®Œæ•´","",""
"2023-10-29,17:29:46","ywyang236","#0","<@592219494072582144>  å¥½åƒçœ‹ä¸åˆ° 10/25 çš„éƒ¨åˆ† ğŸ˜… ç­†è¨˜è¦è¨˜å¾—åœ¨é€™è£¡è¨­å…¬é–‹å“¦ï½","yuu0210_#0",""
"2023-10-29,17:33:29","yuu0210_","#0","https://silly-march-e76.notion.site/React-ec8e2284bdce47df9b34363b7644cc80","",""
"2023-10-29,17:33:43","yuu0210_","#0","æ›´æ­£é€£çµ~","ywyang236#0",""
"2023-10-29,17:50:22","ywyang236","#0","","","https://cdn.discordapp.com/attachments/1163002641010413668/1168124665026318356/IMG_6141.png?ex=656314de&is=65509fde&hm=1676fcb08938e86e8e1a948658c58d8e88cf4beb24d94e8efae446a888e4a97a&"
"2023-10-29,17:53:19","ywyang236","#0","ç¹é«”æ›¸ï¼Œç¬¬83é ä¸‹é¢ï¼Œå»¶å±•é‹ç®—å­ï¼ˆSpread Operatorï¼‰æ˜¯ä¸‰å€‹åŠå½¢å¥é»æ‰å°å“¦ï¼

å‰é¢ç¬¬äºŒç« p.23æ˜¯å°çš„ï¼Œç¬¬äº”ç« é€™è£¡å¯«éŒ¯äº†ï¼Œè¦ç¨å¾®æ³¨æ„ä¸€ä¸‹ã€‚

ç°¡é«”ç‰ˆç¬¬äºŒç« å¯«åˆ°çš„ã€Œæ‰©å±•è¿ç®—ç¬¦ã€æ˜¯æ­£ç¢ºçš„ï¼Œç¬¬äº”ç« æ²’æåˆ°ã€‚","",""
"2023-10-29,18:39:51","ywyang236","#0","æ˜å¤©æ—©ä¸Š9:30ï¼Œè¦å’Œå¤§å®¶å€Ÿç”¨ä¸€é»æ™‚é–“ï¼Œæˆ‘å€‘ä¾†è¨è«–ä¸€ä¸‹ï¼Œä¸‹ä¸€é€±è¦åšçš„äº‹æƒ…ã€‚

ä¸»è¦æ˜¯æ‰¾å‡ºå¤§å®¶éƒ½æ–¹ä¾¿çš„æ´»å‹•æ™‚æ®µã€‚

æœƒè­°é€£çµæ˜æ—©æä¾›ï¼Œ9:20é–‹æ”¾åŠ å…¥æœƒè­°ã€‚","",""
"2023-10-29,20:45:14","ilbas","#0","https://ezc.notion.site/React-D5-150e260961bc4f5296b961718e6564d4?pvs=4","",""
"2023-10-29,20:45:16","ilbas","#0","ç­†è¨˜","",""
"2023-10-29,23:06:38","yating.chang","#0","https://medium.com/@cyt.christinechang/react%E5%AD%B8%E7%BF%92%E6%89%8B%E5%86%8A%E8%AE%80%E6%9B%B8%E7%AD%86%E8%A8%98-%E7%AC%AC%E5%9B%9B%E7%AB%A0-819d68abfe38","",""
"2023-10-29,23:06:41","yating.chang","#0","ç­†è¨˜","",""
"2023-10-29,23:06:44","yating.chang","#0","ç­†è¨˜","",""
"2023-10-29,23:07:05","yating.chang","#0","https://medium.com/@cyt.christinechang/react%E5%AD%B8%E7%BF%92%E6%89%8B%E5%86%8A%E8%AE%80%E6%9B%B8%E7%AD%86%E8%A8%98-%E7%AC%AC%E4%BA%94%E7%AB%A0-466fd70cb859","",""
"2023-10-29,23:07:09","yating.chang","#0","ç­†è¨˜","",""
"2023-10-29,23:07:10","yating.chang","#0","ç­†è¨˜","",""
"2023-10-29,23:07:20","yating.chang","#0","https://medium.com/@cyt.christinechang/%E5%95%8F%E7%AD%94%E9%A1%8C-aae1c2fa5a08","",""
"2023-10-29,23:07:32","yating.chang","#0","è£œé€±ä¸‰æ¸¸æ³³","",""
"2023-10-29,23:07:34","yating.chang","#0","é‹å‹•","",""
"2023-10-29,23:07:38","yating.chang","#0","ä»Šæ—¥ç¾½çƒ","",""
"2023-10-29,23:07:39","yating.chang","#0","é‹å‹•","",""
"2023-10-29,23:36:43","ywyang236","#0","å¤§å®¶çš„ç­†è¨˜æˆ‘éƒ½çœ‹å®Œäº†ï½ æ˜å¤©æ—©ä¸Š 9:30 è¦‹å”·ï½

æˆªæ­¢è‡³ç›®å‰çš„ç©åˆ†ï¼šhttps://book-club-system.web.app/","",""
"2023-10-30,09:16:11","ywyang236","#0","ä»Šå¤©æ—©ä¸Šçš„æœƒè­°é€£çµï¼ˆ9:20é–‹æ”¾åŠ å…¥æœƒè­°ï¼‰ï¼š

https://meet.google.com/fvy-zobb-rqq","",""
"2023-10-30,09:41:23","ohtani_showyu","#0","æ´»å‹•","",""
"2023-10-30,09:44:13","ilbas","#0","æ´»å‹•","",""
"2023-10-30,09:44:25","yiyixiaoqisi","#0","æ´»å‹•","",""
"2023-10-30,09:44:29","lark1987","#0","æ´»å‹•","",""
"2023-10-30,09:44:31",".wenying","#0","æ´»å‹•","",""
"2023-10-30,09:44:33","yating.chang","#0","æ´»å‹•","",""
"2023-10-30,09:44:35","yuu0210_","#0","æ´»å‹•","",""
"2023-10-30,09:44:41","lulu_cheng","#0","æ´»å‹•","",""
"2023-10-30,09:45:25","rouyu.","#0","æ´»å‹•","",""
"2023-10-30,09:45:26","rororo","#5892","æ´»å‹•","",""
"2023-10-30,09:46:18","angeltsui","#0","æ´»å‹•","",""
"2023-10-30,12:03:41","ywyang236","#0","å¤§å®¶åˆå®‰ï¼Œ

æ ¹æ“šæ—©ä¸Šçš„è¨è«–ï¼Œé€™é€±é™¤äº†ç…§é–±è®€é€²åº¦æ¨é€²ä¹‹å¤–ï¼Œ11/4(å…­)æ™šä¸Š9é»ï¼Œæœƒåœ¨ç¾¤çµ„å…§èˆ‰è¾¦ä¸€å€‹æœŸåˆå ±å‘Šçš„æ¼”ç·´æ´»å‹•ï¼Œè®“å¤§å®¶å¤šä¸€å€‹æ©Ÿæœƒç·´ç¿’ï¼ˆæœƒè­°é€£çµç•¶å¤©æä¾›ï¼‰ã€‚

åšç©è€Œè–„ç™¼ï¼Œä½ æ‰€æœ‰çš„åŠªåŠ›ï¼Œéƒ½ä¸æœƒç™½è²»ã€‚

æœ€å¾Œå’Œå¤§å®¶åˆ†äº«ä¸€ä»¶äº‹æƒ…ï¼Œæ˜¨æ™šçµ‚æ–¼æŠŠçµ±è¨ˆç³»çµ±è‡ªå‹•åŒ–è¨­å®šæˆåŠŸäº†ï¼Œå®ƒç¾åœ¨å¯ä»¥ä¸‹ä¸€å€‹æŒ‡ä»¤å°±å®Œæˆå¤§éƒ¨åˆ†çš„äº‹æƒ…ï¼Œé€Ÿåº¦åŠ å¿«å¾ˆå¤šï¼Œä½†ä¾ç„¶ä¸æ˜¯å³æ™‚æ›´æ–°çš„ç‹€æ…‹ï¼Œæœªä¾†æœƒåœ¨æ¯å€‹æ˜ŸæœŸä¸‰ã€æ˜ŸæœŸå…­ã€æ˜ŸæœŸå¤©çš„æ™šä¸Šï¼Œè®“å¤§å®¶çŸ¥é“è‡ªå·±ç›®å‰çš„ç‹€æ³ï½","",""
"2023-10-30,15:08:10",".wenying","#0","https://ambitious-wound-b6b.notion.site/6-1-6-2-788b971116fe46598c3ce4b6cf07ca5b?pvs=4","",""
"2023-10-30,15:08:14",".wenying","#0","ç­†è¨˜","",""
"2023-10-30,19:58:16","lark1987","#0","https://long-bookcase-189.notion.site/React-406313a8409048baa6f1b395690ca2ac?pvs=4","",""
"2023-10-30,19:58:19","lark1987","#0","ç­†è¨˜","",""
"2023-10-30,20:42:02","yuu0210_","#0","https://www.notion.so/React-ec8e2284bdce47df9b34363b7644cc80?pvs=4","",""
"2023-10-30,20:42:06","yuu0210_","#0","ç­†è¨˜","",""
"2023-10-30,21:17:57","lulu_cheng","#0","é‹å‹•","",""
"2023-10-30,21:18:00","lulu_cheng","#0","æ ¸å¿ƒ","",""
"2023-10-30,21:27:32","ilbas","#0","ä¸Šè‡‚ã€èƒ¸ã€è…¹","",""
"2023-10-30,21:27:36","ilbas","#0","é‹å‹•","",""
"2023-10-30,22:06:22","ohtani_showyu","#0","èƒ¸ï¼‹ä¸‰é ­","",""
"2023-10-30,22:06:22","ohtani_showyu","#0","é‹å‹•","",""
"2023-10-30,23:52:06","star533422","#0","https://hackmd.io/@stephen533422/H1YrIBTfp","",""
"2023-10-30,23:52:11","star533422","#0","ç­†è¨˜","",""
"2023-10-30,23:59:59","angeltsui","#0","https://www.notion.so/b43e675804a342f986d26f579310ae29?pvs=4#631ec99f44c94c0a9b48eb9d1b675a6a","",""
"2023-10-31,00:00:00","angeltsui","#0","ç­†è¨˜","",""
"2023-10-31,00:56:24","yiyixiaoqisi","#0","https://hackmd.io/n96z8ML0TsqUl5uJfN_InA","",""
"2023-10-31,00:56:26","yiyixiaoqisi","#0","ç­†è¨˜","",""
"2023-10-31,01:40:44","yiyixiaoqisi","#0","https://hackmd.io/n96z8ML0TsqUl5uJfN_InA","",""
"2023-10-31,01:40:45","yiyixiaoqisi","#0","ç­†è¨˜","",""
"2023-10-31,14:02:50",".wenying","#0","https://ambitious-wound-b6b.notion.site/6-3-6-4-2-83b5d624ac9e4f90a4a7c1da5493f2d5?pvs=4","",""
"2023-10-31,14:02:53",".wenying","#0","ç­†è¨˜","",""
"2023-10-31,15:58:56","ywyang236","#0","å¤§å®¶åˆå®‰ï½

ç¦®æ‹œå…­æ™šä¸Š9é»è®Šæˆæ˜¯ Lucas åŠ©æ•™çš„ office hourï¼Œæ‰€ä»¥æˆ‘å€‘åªèƒ½ç¨å¾®æå‰ä¸€é»ï¼Œæ”¹æˆç¦®æ‹œå…­æ™šä¸Š 7:30ï¼ŒçµæŸå¾Œå¤§å®¶å¯ä»¥ç”¨æ¯”è¼ƒè¼•é¬†çš„ç‹€æ…‹ï¼ŒåƒåŠ  office hourã€‚

ç¦®æ‹œå…­å¯¦éš›ç·´ç¿’å¾Œï¼Œéš”å¤©é‚„å¯ä»¥èª¿æ•´ã€ä¿®æ”¹ï¼Œç¦®æ‹œä¸€æ­£å¼å ±å‘Šæ™‚æœƒæ¯”è¼ƒå¾å®¹ä¸€é»ã€‚

å¦‚æœæ”¹æˆç¦®æ‹œå…­æ™šä¸Š 7:30 æ²’è¾¦æ³•åƒèˆ‡ï¼Œéº»ç…©è«‹è®“æˆ‘çŸ¥é“ â¤ï¸","",""
"2023-10-31,20:22:24","yuu0210_","#0","https://www.notion.so/React-ec8e2284bdce47df9b34363b7644cc80","",""
"2023-10-31,20:22:27","yuu0210_","#0","ç­†è¨˜","",""
"2023-10-31,20:49:25","lark1987","#0","https://long-bookcase-189.notion.site/React-406313a8409048baa6f1b395690ca2ac?pvs=4","",""
"2023-10-31,20:49:31","lark1987","#0","ç­†è¨˜","",""
"2023-10-31,21:02:07","star533422","#0","https://hackmd.io/@stephen533422/S1KE9v0Ga","",""
"2023-10-31,21:02:08","star533422","#0","ç­†è¨˜","",""
"2023-10-31,22:55:55","rouyu.","#0","https://smiling-prepared-a94.notion.site/Day-8-18f90a0760f940fc83a262db25f96f8d?pvs=4","",""
"2023-10-31,22:55:58","rouyu.","#0","ç­†è¨˜","",""
"2023-10-31,23:03:23","angeltsui","#0","https://www.notion.so/b43e675804a342f986d26f579310ae29?pvs=4#631ec99f44c94c0a9b48eb9d1b675a6a","",""
"2023-10-31,23:03:26","angeltsui","#0","ç­†è¨˜","",""
"2023-10-31,23:24:25","rouyu.","#0","https://smiling-prepared-a94.notion.site/Day-9-2bf81f2497aa4d1da98ee003c5d23039?pvs=4","",""
"2023-10-31,23:24:28","rouyu.","#0","ç­†è¨˜","",""
"2023-10-31,23:39:17","ohtani_showyu","#0","https://hackmd.io/@siouyu/r17hO5QMp","",""
"2023-10-31,23:39:18","ohtani_showyu","#0","ç­†è¨˜","",""
"2023-10-31,23:39:19","ohtani_showyu","#0","https://hackmd.io/@siouyu/r17hO5QMp","",""
"2023-10-31,23:39:21","ohtani_showyu","#0","ç­†è¨˜","",""
"2023-11-01,09:39:46","yuu0210_","#0","https://www.notion.so/React-ec8e2284bdce47df9b34363b7644cc80","",""
"2023-11-01,09:39:47","yuu0210_","#0","ç­†è¨˜","",""
"2023-11-01,13:22:59","rouyu.","#0","https://smiling-prepared-a94.notion.site/Day-10-ea8661c4254049fbab0a9cc5c8a7aa46?pvs=4","",""
"2023-11-01,13:23:01","rouyu.","#0","ç­†è¨˜","",""
"2023-11-01,14:48:16","ohtani_showyu","#0","https://hackmd.io/@siouyu/r17hO5QMp","",""
"2023-11-01,14:48:19","ohtani_showyu","#0","ç­†è¨˜","",""
"2023-11-01,14:48:22","ohtani_showyu","#0","ç·´èƒŒ","",""
"2023-11-01,14:48:23","ohtani_showyu","#0","é‹å‹•","",""
"2023-11-01,15:57:22",".wenying","#0","https://ambitious-wound-b6b.notion.site/6-4-2-6-5-3-b81076dd92824cb69195d5b67d69db56?pvs=4","",""
"2023-11-01,15:57:25",".wenying","#0","ç­†è¨˜","",""
"2023-11-01,16:03:41",".wenying","#0","æœ‰å€‹å•é¡Œæƒ³è·Ÿå¤§å®¶è«‹æ•™ï¼Œæœ‰é—œuseRefçš„éƒ¨åˆ†ï¼Œæ›¸ä¸Šæœ‰ä¸€å¥ã€Œéå—æ§å…ƒä»¶å¯ä»¥è§£æ±ºä¸€äº›ç‰¹æ®Šå•é¡Œï¼Œä¾‹å¦‚ï¼šReactä»¥å¤–çš„ç¶²é å€å¡Šå…±äº«è¡¨å–®èˆ‡æ•¸å€¼ç‹€æ…‹ã€ï¼Œä¸å¤ªç¢ºå®šå®ƒå…·é«”æŒ‡ç¨±çš„æ˜¯ä»€éº¼ï¼Ÿ

æ¯”è¼ƒå·²çŸ¥çš„æ˜¯ç›¸å°useStateï¼ŒuseRefåƒæ˜¯ç›´æ¥æ“ä½œDOM","",""
"2023-11-01,16:44:53","ohtani_showyu","#0","æˆ‘æ˜¯å¦å¤–å»æ‰¾å—æ§å…ƒä»¶å’Œéå—æ§å…ƒä»¶åˆ†åˆ¥å¯æ‡‰ç”¨çš„å ´æ™¯ä¾†ç†è§£é€™å¥

https://vue3js.cn/interview/React/controlled_Uncontrolled.html#%E4%BA%8C%E3%80%81%E9%9D%9E%E5%8F%97%E6%8E%A7%E7%BB%84%E4%BB%B6",".wenying#0",""
"2023-11-01,19:57:21","lark1987","#0","https://long-bookcase-189.notion.site/React-406313a8409048baa6f1b395690ca2ac?pvs=4","",""
"2023-11-01,19:57:23","lark1987","#0","ç­†è¨˜","",""
"2023-11-01,20:24:58",".wenying","#0","æ„Ÿè¬ ğŸ™ æˆ‘å†ä¾†ç ”ç©¶ä¸€ä¸‹","ohtani_showyu#0",""
"2023-11-01,20:56:36","rouyu.","#0","é‹å‹•","",""
"2023-11-01,21:14:18","star533422","#0","https://hackmd.io/@stephen533422/S1AtlTkXT","",""
"2023-11-01,21:14:20","star533422","#0","ç­†è¨˜","",""
"2023-11-01,22:22:48","ilbas","#0","ç·´èƒŒã€è‚©ã€è…¿","",""
"2023-11-01,22:22:51","ilbas","#0","é‹å‹•","",""
"2023-11-02,00:43:32","ywyang236","#0","æˆªæ­¢è‡³ç›®å‰çš„çµ±è¨ˆæ›´æ–°ï¼šhttps://book-club-system.web.app/

å¦‚æœç¬¬äºŒé€±é»é€²å»è³‡æ–™æ˜¯ç©ºçš„ï¼Œç”¨||ç„¡ç—•æ¨¡å¼||æ‰“é–‹ï¼Œå°±çœ‹å¾—åˆ°æ–°è³‡æ–™äº†ã€‚ï¼ˆé‚„ä»¥ç‚ºæ˜¯ç³»çµ±æ›äº†ï¼Œè™›é©šä¸€å ´ ğŸ¥² ï¼‰","",""
"2023-11-02,02:43:01","angeltsui","#0","https://www.notion.so/b43e675804a342f986d26f579310ae29?pvs=4#631ec99f44c94c0a9b48eb9d1b675a6a","",""
"2023-11-02,02:43:04","angeltsui","#0","ç­†è¨˜","",""
"2023-11-02,10:56:18","yuu0210_","#0","https://www.notion.so/React-ec8e2284bdce47df9b34363b7644cc80","",""
"2023-11-02,10:56:22","yuu0210_","#0","ç­†è¨˜","",""
"2023-11-02,16:15:43","rororo","#5892","https://cherry-nemophila-a61.notion.site/React-1-a306fdbc6e80400bbef6144396723db7?pvs=4","",""
"2023-11-02,16:15:49","rororo","#5892","ç­†è¨˜","",""
"2023-11-02,16:16:00","rororo","#5892","https://cherry-nemophila-a61.notion.site/React-2-81d7d8b174cf4459becd79e057e8b8e2?pvs=4","",""
"2023-11-02,16:16:01","rororo","#5892","ç­†è¨˜","",""
"2023-11-02,16:16:17","rororo","#5892","https://cherry-nemophila-a61.notion.site/React-3-4bbff9f590494da3bf96f56b53121945?pvs=4","",""
"2023-11-02,16:16:18","rororo","#5892","ç­†è¨˜","",""
"2023-11-02,16:33:48",".wenying","#0","æœ‰æ°§ 30min","",""
"2023-11-02,16:33:51",".wenying","#0","é‹å‹•","",""
"2023-11-02,16:53:16","rororo","#5892","æœ‰å€‹å•é¡Œæƒ³è·Ÿå¤§å®¶è«‹æ•™ï¼Œæœ‰é—œuseRefçš„éƒ¨åˆ†ï¼Œæ›¸ä¸Šæœ‰ä¸€å¥ã€Œéå—æ§å…ƒä»¶å¯ä»¥è§£æ±ºä¸€äº›...","",""
"2023-11-02,19:32:56","star533422","#0","https://hackmd.io/@stephen533422/BktgJZW76","",""
"2023-11-02,19:32:57","star533422","#0","ç­†è¨˜","",""
"2023-11-02,20:57:08",".wenying","#0","https://ambitious-wound-b6b.notion.site/6-5-4-6-6-4-690ba993908643669e690d7ea936bb12?pvs=4","",""
"2023-11-02,20:57:12",".wenying","#0","ç­†è¨˜","",""
"2023-11-02,21:20:03","lark1987","#0","https://long-bookcase-189.notion.site/React-406313a8409048baa6f1b395690ca2ac?pvs=4","",""
"2023-11-02,21:20:08","lark1987","#0","ç­†è¨˜","",""
"2023-11-02,23:42:21","rouyu.","#0","https://smiling-prepared-a94.notion.site/Day-11-9d80619a5e8f4c0292bf0a4f7f22936e?pvs=4","",""
"2023-11-02,23:42:27","rouyu.","#0","ç­†è¨˜","",""
"2023-11-03,12:48:55","yuu0210_","#0","https://www.notion.so/React-ec8e2284bdce47df9b34363b7644cc80","",""
"2023-11-03,12:48:58","yuu0210_","#0","ç­†è¨˜","",""
"2023-11-03,14:32:48","rouyu.","#0","https://smiling-prepared-a94.notion.site/Day-12-b0cf131f4f03463da7028ebb74c08de2?pvs=4","",""
"2023-11-03,14:32:52","rouyu.","#0","ç­†è¨˜","",""
"2023-11-03,16:40:54","star533422","#0","https://hackmd.io/@stephen533422/Sk6H9QGX6","",""
"2023-11-03,16:40:57","star533422","#0","ç­†è¨˜","",""
"2023-11-03,21:13:22","lark1987","#0","https://long-bookcase-189.notion.site/React-406313a8409048baa6f1b395690ca2ac?pvs=4","",""
"2023-11-03,21:13:26","lark1987","#0","ç­†è¨˜","",""
"2023-11-04,10:47:56",".wenying","#0","https://ambitious-wound-b6b.notion.site/7-1-7-1-1-8ca2635960b24efeb56eb7dc18aeaf6c?pvs=4","",""
"2023-11-04,10:47:59",".wenying","#0","ç­†è¨˜","",""
"2023-11-04,16:29:07","ywyang236","#0","å¤§å®¶åˆå®‰ï½

æé†’ï¼Œä»Šå¤©æ™šä¸Š 7:30 æ˜¯é‡å°ç¦®æ‹œä¸€æœŸåˆå ±å‘Šçš„å°ç·´ç¿’ï¼Œç„¡è«–ä½ æœ‰åšå®Œã€åšåˆ°ä¸€åŠã€æ ¹æœ¬ä¸çŸ¥é“è©²æ€éº¼åšã€æˆ–è€…ä¹‹å¾Œæœ‰å…¶ä»–è¦åŠƒï¼Œéƒ½æ­¡è¿ä½ åƒåŠ ï¼Œå¸å–åˆ¥äººçš„ç²¾è¯ï¼Œæœƒæ›´æœ‰æ–¹å‘å“¦ï½

åªè¦é–‹å§‹åšï¼Œå°±ä¸æœƒé‚£éº¼å®³æ€•äº† ğŸ’ªğŸ» 

ä»Šå¤©æ™šä¸Šçš„æœƒè­°é€£çµï¼ˆ7:20é–‹æ”¾åŠ å…¥æœƒè­°ï¼‰ï¼š
https://meet.google.com/fvy-zobb-rqq","",""
"2023-11-04,17:50:49","ohtani_showyu","#0","è‚©å’ŒäºŒé ­","",""
"2023-11-04,17:50:51","ohtani_showyu","#0","é‹å‹•","",""
"2023-11-04,18:22:35",".wenying","#0","ææ“Šæœ‰æ°§","",""
"2023-11-04,18:22:36",".wenying","#0","é‹å‹•","",""
"2023-11-04,20:47:46","yuu0210_","#0","æ´»å‹•","",""
"2023-11-04,20:47:48","rouyu.","#0","æ´»å‹•","",""
"2023-11-04,20:47:51","rouyu.","#0","é‹å‹•","",""
"2023-11-04,20:47:55","lulu_cheng","#0","æ´»å‹•","",""
"2023-11-04,20:47:56",".wenying","#0","æ´»å‹•","",""
"2023-11-04,22:10:00","rororo","#5892","æ´»å‹•","",""
"2023-11-04,23:42:36","angeltsui","#0","https://www.notion.so/b43e675804a342f986d26f579310ae29?pvs=4#631ec99f44c94c0a9b48eb9d1b675a6a","",""
"2023-11-04,23:42:43","angeltsui","#0","ç­†è¨˜","",""
"2023-11-05,10:36:25","lulu_cheng","#0","https://www.notion.so/React-ef420ab297424a9b8fa0798f1be1a1e7","",""
"2023-11-05,10:36:27","lulu_cheng","#0","ç­†è¨˜","",""
"2023-11-05,10:36:29","lulu_cheng","#0","https://www.notion.so/React-ef420ab297424a9b8fa0798f1be1a1e7","",""
"2023-11-05,10:36:31","lulu_cheng","#0","ç­†è¨˜","",""
"2023-11-05,10:36:34","lulu_cheng","#0","https://www.notion.so/React-ef420ab297424a9b8fa0798f1be1a1e7","",""
"2023-11-05,10:36:36","lulu_cheng","#0","ç­†è¨˜","",""
"2023-11-05,10:36:39","lulu_cheng","#0","https://www.notion.so/React-ef420ab297424a9b8fa0798f1be1a1e7","",""
"2023-11-05,10:36:41","lulu_cheng","#0","ç­†è¨˜","",""
"2023-11-05,10:36:46","lulu_cheng","#0","https://www.notion.so/React-ef420ab297424a9b8fa0798f1be1a1e7","",""
"2023-11-05,10:36:48","lulu_cheng","#0","ç­†è¨˜","",""
"2023-11-05,11:23:31","yiyixiaoqisi","#0","https://hackmd.io/n96z8ML0TsqUl5uJfN_InA","",""
"2023-11-05,11:23:36","yiyixiaoqisi","#0","ç­†è¨˜","",""
"2023-11-05,11:53:54","ohtani_showyu","#0","https://hackmd.io/@siouyu/r17hO5QMp","",""
"2023-11-05,11:53:58","ohtani_showyu","#0","ç­†è¨˜","",""
"2023-11-05,11:53:59","ohtani_showyu","#0","https://hackmd.io/@siouyu/r17hO5QMp","",""
"2023-11-05,11:54:02","ohtani_showyu","#0","ç­†è¨˜","",""
"2023-11-05,16:27:44","ohtani_showyu","#0","è‡€è…¿","",""
"2023-11-05,16:27:45","ohtani_showyu","#0","é‹å‹•","",""
"2023-11-05,22:14:12","ywyang236","#0","æ˜å¤©çš„æœŸåˆå ±å‘Šå¤§å®¶ä¸€èµ·åŠ æ²¹å•¦ï½  ğŸ‰ 

æˆªæ­¢è‡³ç›®å‰çš„ç©åˆ†ç‹€æ³ï¼šhttps://book-club-system.web.app/","",""
"2023-11-05,22:43:13","angeltsui","#0","https://www.notion.so/Chapter-7-03d905a3ebcb4bfe8d2073ac8ab1feb0?pvs=4","",""
"2023-11-05,22:43:15","angeltsui","#0","ç­†è¨˜","",""
"2023-11-05,23:43:03","rororo","#5892","https://cherry-nemophila-a61.notion.site/React-4-74b6c42da3ba4756a26915a83e2fd032?pvs=4","",""
"2023-11-05,23:43:05","rororo","#5892","ç­†è¨˜","",""
"2023-11-05,23:43:16","rororo","#5892","https://cherry-nemophila-a61.notion.site/React-Hook-1-051114e481ae438f96be4c5487965f5d?pvs=4","",""
"2023-11-05,23:43:17","rororo","#5892","ç­†è¨˜","",""
"2023-11-06,12:15:13","lark1987","#0","https://long-bookcase-189.notion.site/React-406313a8409048baa6f1b395690ca2ac?pvs=4","",""
"2023-11-06,12:15:16","lark1987","#0","ç­†è¨˜","",""
"2023-11-06,17:37:38","yuu0210_","#0","https://www.notion.so/React-ec8e2284bdce47df9b34363b7644cc80","",""
"2023-11-06,17:37:40","yuu0210_","#0","ç­†è¨˜","",""
"2023-11-06,23:53:48","star533422","#0","https://hackmd.io/@stephen533422/HJwA-tIX6","",""
"2023-11-06,23:53:50","star533422","#0","ç­†è¨˜","",""
"2023-11-07,11:08:40","lark1987","#0","https://long-bookcase-189.notion.site/React-406313a8409048baa6f1b395690ca2ac?pvs=4","",""
"2023-11-07,11:08:45","lark1987","#0","ç­†è¨˜","",""
"2023-11-07,15:02:20","yuu0210_","#0","https://www.notion.so/React-ec8e2284bdce47df9b34363b7644cc80","",""
"2023-11-07,15:02:25","yuu0210_","#0","ç­†è¨˜","",""
"2023-11-07,15:39:36","ohtani_showyu","#0","èŠ­è•¾","",""
"2023-11-07,15:39:40","ohtani_showyu","#0","é‹å‹•","",""
"2023-11-07,16:31:18","ywyang236","#0","å¥èº«èª²é€™éº¼è±å¯Œçš„å—ï¼ŸğŸ˜‚","ohtani_showyu#0",""
"2023-11-07,16:33:08","ohtani_showyu","#0","é›–ç„¶æ¯å¤©éƒ½æœƒå‹•ä½†ä¸ä¸€å®šéƒ½åœ¨é‡è¨“ ğŸ˜‚","",""
"2023-11-07,20:53:43",".wenying","#0","https://ambitious-wound-b6b.notion.site/7-1-2-7-1-3-6841e7706d134853b277a9fd6205acd8?pvs=4","",""
"2023-11-07,20:53:47",".wenying","#0","ç­†è¨˜","",""
"2023-11-07,21:08:12",".wenying","#0","https://ambitious-wound-b6b.notion.site/7-1-4-7-2-d2463718f1384ddd9626e8436693648a?pvs=4","",""
"2023-11-07,21:08:17",".wenying","#0","ç­†è¨˜","",""
"2023-11-07,21:10:51","star533422","#0","https://hackmd.io/@stephen533422/ryP-TsD7a","",""
"2023-11-07,21:10:53","star533422","#0","ç­†è¨˜","",""
"2023-11-08,00:53:38","rouyu.","#0","https://smiling-prepared-a94.notion.site/Day-15-a31aafb1e47c4f858ed6ed2445aadeca?pvs=4","",""
"2023-11-08,00:53:41","rouyu.","#0","ç­†è¨˜","",""
"2023-11-08,11:19:04","lark1987","#0","https://long-bookcase-189.notion.site/React-406313a8409048baa6f1b395690ca2ac?pvs=4","",""
"2023-11-08,11:19:06","lark1987","#0","ç­†è¨˜","",""
"2023-11-08,14:42:01","rouyu.","#0","https://smiling-prepared-a94.notion.site/Day-16-5dafe6ad105c414ca031a7e392c5ccd0?pvs=4","",""
"2023-11-08,14:42:04","rouyu.","#0","ç­†è¨˜","",""
"2023-11-08,16:03:50","rouyu.","#0","https://smiling-prepared-a94.notion.site/Day-17-14f571c9973647e0a82db03fa9c8e4ca?pvs=4","",""
"2023-11-08,16:03:53","rouyu.","#0","ç­†è¨˜","",""
"2023-11-08,18:04:03",".wenying","#0","https://ambitious-wound-b6b.notion.site/7-3-8-1-1-2867c52caeb94e5da6d05fd288947ea0?pvs=4","",""
"2023-11-08,18:04:07",".wenying","#0","ç­†è¨˜","",""
"2023-11-08,18:17:37","ohtani_showyu","#0","https://hackmd.io/@siouyu/r17hO5QMp","",""
"2023-11-08,18:17:42","ohtani_showyu","#0","ç­†è¨˜","",""
"2023-11-08,18:17:42","ohtani_showyu","#0","https://hackmd.io/@siouyu/r17hO5QMp","",""
"2023-11-08,18:17:44","ohtani_showyu","#0","ç­†è¨˜","",""
"2023-11-08,18:17:45","ohtani_showyu","#0","https://hackmd.io/@siouyu/r17hO5QMp","",""
"2023-11-08,18:17:46","ohtani_showyu","#0","ç­†è¨˜","",""
"2023-11-09,01:05:18","star533422","#0","https://hackmd.io/@stephen533422/BkwyS4Ymp","",""
"2023-11-09,01:05:19","star533422","#0","ç­†è¨˜","",""
"2023-11-09,11:14:20","lark1987","#0","https://long-bookcase-189.notion.site/React-406313a8409048baa6f1b395690ca2ac?pvs=4","",""
"2023-11-09,11:14:23","lark1987","#0","ç­†è¨˜","",""
"2023-11-09,16:23:14","rouyu.","#0","https://smiling-prepared-a94.notion.site/Day-18-74688dafce8e4d42a6d0b770745ea274?pvs=4","",""
"2023-11-09,16:23:23","rouyu.","#0","ç­†è¨˜","",""
"2023-11-09,21:17:25","yuu0210_","#0","https://www.notion.so/React-ec8e2284bdce47df9b34363b7644cc80","",""
"2023-11-09,21:17:27","yuu0210_","#0","ç­†è¨˜","",""
"2023-11-09,21:17:29","yuu0210_","#0","https://www.notion.so/React-ec8e2284bdce47df9b34363b7644cc80","",""
"2023-11-09,21:17:31","yuu0210_","#0","ç­†è¨˜","",""
"2023-11-10,00:53:46","star533422","#0","https://hackmd.io/@stephen533422/S1YqkY576","",""
"2023-11-10,00:53:49","star533422","#0","ç­†è¨˜","",""
"2023-11-10,09:04:29","ywyang236","#0","æˆªæ­¢è‡³ç›®å‰ç‚ºæ­¢çš„ç‹€æ³ï¼š
https://book-club-system.web.app/","",""
"2023-11-10,11:16:08","lark1987","#0","https://long-bookcase-189.notion.site/React-406313a8409048baa6f1b395690ca2ac?pvs=4","",""
"2023-11-10,11:16:11","lark1987","#0","ç­†è¨˜","",""
"2023-11-10,16:08:11","rouyu.","#0","https://smiling-prepared-a94.notion.site/Day-19-18b27b82532a4c4db5aa5c22a5f137b1?pvs=4","",""
"2023-11-10,16:08:14","rouyu.","#0","ç­†è¨˜","",""
"2023-11-10,20:22:33","star533422","#0","https://hackmd.io/@stephen533422/BkLdeci7T","",""
"2023-11-10,20:22:36","star533422","#0","ç­†è¨˜","",""
"2023-11-10,21:55:47",".wenying","#0","https://ambitious-wound-b6b.notion.site/8-1-2-8-1-5-f05f8ef60022423cb974745f35b1829b?pvs=4","",""
"2023-11-10,21:55:53",".wenying","#0","ç­†è¨˜","",""
"2023-11-10,23:54:57","yuu0210_","#0","https://www.notion.so/React-ec8e2284bdce47df9b34363b7644cc80","",""
"2023-11-10,23:54:59","yuu0210_","#0","ç­†è¨˜","",""
"2023-11-11,01:13:49","ywyang236","#0","æˆªæ­¢è‡³ç›®å‰ç‚ºæ­¢çš„çµ±è¨ˆï¼š
https://book-club-system.web.app/","",""
"2023-11-11,01:26:48","ywyang236","#0","å¤§å®¶æ™šå®‰ï¼Œæ—©å®‰ï¼Ÿ

ç¾åœ¨æ¯å€‹äººæ‡‰è©²éƒ½æ˜¯è™•æ–¼æ™‚é–“ä¸å¤ ç”¨çš„ç‹€æ…‹ï¼Œæ‰€ä»¥æˆ‘å€‘æ¯”è¼ƒæ²’è¾¦æ³•åƒä¸Šä¸€éšæ®µä¸€æ¨£ï¼Œè®“è®€æ›¸æœƒä½”ç”¨å¤§å®¶å¤ªå¤šæ™‚é–“ã€‚

æƒ³äº†å¹¾å€‹æŠ˜è¡·çš„æ–¹å¼ï¼Œè¦çµ¦å¤§å®¶é¸ï¼Œæ‰€ä»¥ä¸‹ç¦®æ‹œä¸€æ—©ä¸Š 9:30ï¼Œå’Œå¤§å®¶å€Ÿç”¨ä¸€é»æ™‚é–“ï¼Œæˆ‘å€‘æœƒä½¿ç”¨å­ŸèŠ©çš„ gather è¡¨æ±ºå¤§å®¶æƒ³é€²è¡Œçš„æ–¹å¼ã€‚ 

é€™å…©å¤©éº»ç…©å¤§å®¶æ¸¬è©¦çœ‹çœ‹èƒ½å¦é †åˆ©é€²å…¥ gather ï¼ˆæœ‰è¨»å†Šäººæ•¸ä¸Šé™ï¼‰ï¼Œç•¶å¤©æ—©ä¸Šï¼Œæœƒå†æä¾›ä¸€æ¬¡å‚³é€é–€é€£çµã€‚

gather å‚³é€é–€ï¼šâ€¨https://app.gather.town/invite?token=oRpYzcIUT96oeNJr3Uym","",""
"2023-11-12,17:35:59","lulu_cheng","#0","https://www.notion.so/React-ef420ab297424a9b8fa0798f1be1a1e7","",""
"2023-11-12,17:36:04","lulu_cheng","#0","ç­†è¨˜","",""
"2023-11-12,17:36:06","lulu_cheng","#0","https://www.notion.so/React-ef420ab297424a9b8fa0798f1be1a1e7","",""
"2023-11-12,17:36:08","lulu_cheng","#0","ç­†è¨˜","",""
"2023-11-12,17:36:09","lulu_cheng","#0","https://www.notion.so/React-ef420ab297424a9b8fa0798f1be1a1e7","",""
"2023-11-12,17:36:12","lulu_cheng","#0","ç­†è¨˜","",""
"2023-11-12,17:36:14","lulu_cheng","#0","https://www.notion.so/React-ef420ab297424a9b8fa0798f1be1a1e7","",""
"2023-11-12,17:36:16","lulu_cheng","#0","ç­†è¨˜","",""
"2023-11-12,17:36:17","lulu_cheng","#0","https://www.notion.so/React-ef420ab297424a9b8fa0798f1be1a1e7","",""
"2023-11-12,17:36:20","lulu_cheng","#0","ç­†è¨˜","",""
"2023-11-12,21:21:22",".wenying","#0","https://ambitious-wound-b6b.notion.site/8-2-8-3-1c2b7b5cf6ad4cd68552a82ddbbbcae3?pvs=4","",""
"2023-11-12,21:21:25",".wenying","#0","ç­†è¨˜","",""
